occupation,직무내용
프론트엔드개발자,"담당업무
React, GraphQL 을 활용하여 다양한 웹서비스를 구현합니다.
D3.js 기반으로 데이터 시각화 모듈을 개발하고, 해당 라이브러리의 오픈소스화에 기여합니다.
SEO를 통한 트래픽 향상에 기여하며 이를 지속적으로 관리합니다.
치열한 코드 리뷰와 기술 논의를 통해 최고 수준의 코드 품질을 유지합니다.
ERD, 스키마 설계를 통해 응용 프로그램의 개념적, 논리적 완결성을 높입니다.  
기존 제품의 유지관리 및 지속 가능성을 높이기 위한 내부 모듈을 설계하고 유지관리 합니다.


자격요건
3년 미만의 프론트엔드 개발 경력 혹은 유사 수준의 개발 역량이 있으신 분
(경력 1-2년 내외 지원자의 경우에는 Home-Test (사전과제) 가 진행됩니다.)
Javascript, HTML, CSS에 대한 높은 기술적 이해도를 가지고 있는 분
React를 사용해 본 경험이 있는 분 
수동적 업무 수행보다는 항상 ‘왜?’에 대해 고민하고, 더 나은 ‘추상화’ 를 위해 끊임없이 노력하시는 분
기술적 타협과 지름길을 지양하며 높은 에너지와 끈기를 가지고 빠르게 성장할 수 있는 분
개념적, 논리적 설계의 완결성에 대한 필요성에 대해 공감하시는 분 



우대사항
GraphQL에 대한 높은 이해도를 가지고 있는 분
높은 수준으로 Typescript를 사용할 수 있는 분 
D3 기반의 data visualization에 대한 경험이 있는 분
높은 수준의 SEO 관리 경험이 있는 분
Framework에 종속되지 않은 근본적인 개발에 대한 경험이 있는 분
컴퓨터 공학 연관 전공 학위를 소지하신 분
비즈니스 레벨의 영어 커뮤니케이션이 가능하신 분
"
프론트엔드개발자,"1. 담당 업무
React 또는 Vue3 기반 Frontend 개발
Kubernetes 환경에서 Frontend 배포 및 Pod Template 작성 (우대 사항)
2. 필수 자격 요건
Frontend 개발
Vue3 (Composition API 활용 가능)
Typescript 기반 개발 경험
Redux Toolkit / Zustand / Pinia 등 상태 관리 경험
RESTful API 및 WebSocket을 활용한 비동기 통신
Tailwind CSS 또는 SCSS/SASS를 활용한 스타일링
협업 및 코드 품질 관리
Git (GitHub, GitLab, Bitbucket 등) 브랜치 전략 활용 경험
코드 리뷰 및 PR 작성 경험
Unit Test 및 E2E Test 경험
3. 우대 사항
프로젝트 이력
Commercial project Frontend 경험
Commercial project 웹 애플리케이션 개발 및 배포 경험
Frontend 개발
    React.js (Next.js 경험 우대) 
OAuth2 인증 경험
M365 OAuth2 또는 Google OAuth2 로그인 연동 경험
OAuth2 인증을 통한 JWT 발급 및 토큰 관리 경험
CI/CD 및 배포 관련
Docker 를 활용한 컨테이너라이징 경험
Kubernetes 환경에서 Frontend Pod 배포 경험 (Helm Chart 작성 가능 시 우대)
Kubernetes Rolling Update 또는 Blue-Green Deployment 활용 경험
ArgoCD, GitOps 기반 배포 경험
Backend 협업 경험
FastAPI, Node.js 기반의 API와 연동 경험
FastAPI, Node.js 또는 Spring 기반의 Backend 개발 경험
UI/UX 개선
Figma 를 활용한 UI/UX 협업 경험
Storybook 활용 경험"
프론트엔드,"Frontend 개발자
( ○명 )
담당업무
ㆍReact, Vue 등 morden web을 통한 웹 빌드
ㆍcomponent  제작
ㆍ유관 부서 Communication 
ㆍHTML5, CSS, SCSS 등 표준에 입각한 개발
ㆍTS 혹은 Javascript를 이용한 개발
ㆍFlutter를 이용한 멀티 플랫폼 앱 제작

자격요건
ㆍ학력 : 초대졸이상
ㆍ경력 : 신입/ 경력 5년이상

우대사항
ㆍReact, Vue등 모던웹을 통한 개발 경험이 있는 자
ㆍComponent 제작 경험이 있는 자
ㆍFlutter 개발 및 서비스 경험이 있는 자"
백엔드개발자,"
Backend 개발자
( ○명 )
담당업무
ㆍAPI (REST 혹은 GraphQL) 제작
ㆍJava, Python, GoLang 등 기반 서비스 제작
ㆍCI/CD 및 kubernetes 자동화
ㆍ데이터 모델 설계
ㆍ리펙토링을 통한 표준화 업무

자격요건
ㆍ학력 : 초대졸이상
ㆍ경력 : 경력무관(신입 지원 가능)

우대사항
ㆍAPI 제작 경험이 있는 자
ㆍ클라우드 환경 (NAVER , AWS 등)에 경험이 있는 자
ㆍDevOPS 등 OPS 환경에 경험이 있는 자
ㆍ다양한 데이터베이스 연동 경험이 있는 자
"
프론트엔드개발자,"프론트엔드
( 1명 )
담당업무
ㆍFrontend 개발

스킬
ㆍReact, Typescript, CSS3, HTML5

자격요건
ㆍ학력 : 대졸이상 (졸업예정자 가능)
ㆍ경력 : 신입

우대사항
ㆍ영어가능자
ㆍGitOps 유경험자 / React 프레임워크 유경험자 / 커뮤니케이션 원활 하신분"
"프론트엔드개발자,앱개발자,웹퍼블리셔","
모집분야  / 담당업무 / 모집인원
자격요건 
[모집분야] 
Frontend UX Engineer 
(웹접근성, SEO, 시맨틱마크업을 철저히 지키며
+  2D/3D Immersive Website 개발 )

[담당업무] 
- 국내외 디지털 마케팅 프로젝트 구축 및 운영
- 국내외  3D WebGL기반 하이엔드 웹사이트  개발
- 2D/3D 인터랙션 강한 Immersive Web 개발
- 국내외 웹사이트 트렌드 연구
- WebGL, GSAP, Vanilla Javascript, HTML, CSS 등을 사용하여 다양한 동적UI 개발
- React, Next.js 등 프론트엔드 개발

[모집인원] 
- 신입 :  O명
- 경력 3년 이상 :  O명
- 경력 7년 이상 :  O명


[필수조건] 
전세계에서 가장 멋진 웹사이트를 
만들고 싶은 욕심 있는 분 
살아 움직이는 웹사이트 제작에 
강한 호기심을 가진 분
해외여행 결격 사유가 없는 분
학력 무관

[우대조건]
WebGL, Three.js 등 3D 모션에 관심 많은 분 
국내외 웹에이전시 및 광고기획/대행사 등 동종 업계 재직 경험 
새로운 도전에 대한 호기심 강한 분 
디자인 감각이 좋으신 분 
영어 말하기 가능한 분
영어 배우고 싶은 분
헬스장 다니는 분
생활스포츠지도사2급 자격증
정보처리기사 자격증
"
"웹개발자,앱개발자","Flutter
( 00명 )
담당업무
ㆍe스포츠 게임 플랫폼 front-end 개발
ㆍ커뮤니티 플랫폼  front-end 개발

자격요건
ㆍ학력 : 대졸이상
ㆍ전공 : 공학계열 혹은 관련 경력 1년이상
ㆍFlutter를 이용한 앱 개발 경험자 
ㆍHTML, CSS, JavaScript를 능숙하게 다룰 수 있는 자

우대사항
ㆍC/C++ 언어에 능숙한 자
ㆍ팀원과의 소통을 통해 문제해결을 원할히 할 수 있는 자
ㆍGit 사용에 능숙한 자"
"웹개발자,앱개발자,DBA","Web 프로그램
(Front/Back-End)

Web 서버 프로그램  개발업무

(  HTML, CSS, JS 등 Front 및
  Java, JSP 등 Back - End 부분
  프로그래밍 작업 )
[자격요건]
ㆍ 웹 어플리케이션 개발이 가능하신 분                                                                                                      2명 
[우대요건] 
ㆍ TOMCAT 환경의 개발 경험자 우대
ㆍ .NET 환경과 C# 개발 가능자도 우대 "
백엔드개발자,"연구소 시스템 개발자 신입 모집( 1명 )
담당업무
ㆍ 솔루션 개발 전문 연구원 모집
ㆍ 최고의 기술자로 성장 보장 
ㆍ Front-end 및 Backend 전문교육기간 수료자 및 개발 경험 보유자
ㆍ React, Javascript 및 Java로 개발된 Call Center 솔루션 개발 업무 수행 
ㆍ 연구소 내 수석 선임자와 공동으로 개발 업무 수행
      선임 연구원이 모든 기술에 대하여 교육 및 Level-up 진행함 
ㆍ 당사 자체 구축하여 운영중인 솔루션 연구 개발(PDS, ACS, CM, CTI, IVR, REC) 
     - 당사가 보유중인 PDS 등은 국내/외 최고의 솔루션임
       (주력 고객으로 금융권 및 생보사, 홈쇼핑 등 주력)
ㆍ Linux 시스템 내 이중화 등 스페셜 개발 경험 기회 부여 

자격요건
ㆍ학력 : 대학교(4년) 이상만 지원 가능
ㆍ경력 : 신입 (졸업예정자 포함)
ㆍ전문 교육기관에서 React, JavaScript, CSS, Java, DB등 교육 이수자
ㆍLinux 시스템 이해도가 있으신 분
ㆍ최고의 전문가로 성장하고 싶으신 분 

우대사항 
ㆍ오픈소스 활동 경험 및 최신 기술에 대한 이해와 빠른 습득 능력을 갖추신 분 
ㆍ시스템 개발에 대한 열정이 있으신 분  "
백엔드개발자,"
담당업무
ㆍ보안 포털 및 보안 솔루션 개발
ㆍJava, Spring Boot, JSP 기반 웹 애플리케이션 개발
ㆍFrontend 개발 (Javascript, HTML, CSS, jQuery 활용)
ㆍ시스템 유지보수 및 성능 최적화

스킬
ㆍJava, Javascript, JSP을 활용한 개발경험 
ㆍLinux 환경에서 개발 경험 보유
ㆍJavaScript, HTML, CSS 및 jQuery 활용 가능자

자격요건
ㆍ학력 : 학력무관
ㆍ경력 : 신입·경력

우대사항
ㆍ인근거주자
ㆍ보안 솔루션 및 보안 관련 프로젝트 경험 보유자 
ㆍLinux 시스템 및 미들웨어(Nginx, Tomcat) 운영 경험 우대
ㆍ정보처리기사 자격증 보유자 우대
ㆍ관련 전공자 우대 (전산학, 컴퓨터 공학, 응용소프트웨어 공학, 정보통신공학 등)"
"웹개발자,앱개발자","
Web
Application
개발 부문
ㆍ Front-end(Vue, React, Angular.js) 개발 역량
ㆍ Back-end(Java) 개발 역량
ㆍ 웹/퍼블리싱 개발 역량
[자격요건]
ㆍ 학력 : (초)대졸이상
ㆍ 경력: 경력/신입 모두 가능
  [기본/우대사항]
ㆍ Spring Boot 개발 경험자
ㆍ MS Azure, GCP, AWS 사용 경험자
"
풀스택,"담당업무
ㆍ웹 BackEnd/FrontEnd 개발
ㆍ모바일 앱 개발
ㆍ애플리케이션 프로그램 개발

주요업무 및 기타 사항
ㆍ국책연구기관 협업 프로젝트 진행
ㆍ고객용 홈페이지 관리 및 유지보수, 서버 운용
ㆍ개인별 개발역량에 따른 프로젝트 배치 및 성과금 지급

자격요건
ㆍ학력 : 학력무관
ㆍ경력: 신입/경력(2~5년)
ㆍ공학계열 전공(컴퓨터공학, 정보통신공학, 응용소프트웨어공학 등)
ㆍ관련 프로그램 언어 가능자

우대사항
ㆍ개발 프로젝트 유경험자
ㆍ다수 프로그램 언어 능숙자
ㆍ3D 관련 개발 경험자
ㆍIT관련 학과 전공자
ㆍ대전/세종 거주자"
프론트엔드개발자,"담당업무
ㆍ데일리페이 서비스의 웹 프론트엔드 플랫폼 개발

자격요건
ㆍ학력 : 국내외 4년제 대학 졸업자
ㆍ React 를 통한 Front-end 개발이 가능하신 분 (React 개발 경력 2년 이상 or 그에 준하는 역량 보유자)
ㆍReact Lifecycle 과 SPA 에 대한 이해가 있는 분
ㆍES6 이상의 Modern Javascript 에 대한 이해가 있으신 분
ㆍHTML, CSS 에 대한 이해가 있는 분
ㆍ Git을 통한 협업이 가능하신 분
ㆍ긍정적이고 협업에 어려움이 없는 분

우대사항
? 컴퓨터공학 관련 전공자
? 핀테크 서비스 개발 경험자
ㆍ팀원들, 그리고 기획/운영/디자인팀과의 커뮤니케이션 능력이 좋으신 분
ㆍ금융 프로젝트 경험이 있으신 분
ㆍTypescript 개발 경험이 있으신 분
ㆍReact Hooks 개발 경험이 있으신 분
ㆍCSS-in-JS에 대한 지식이 있으신 분
ㆍSSR 개발 경험이 있으신 분\"
"프론트엔드개발자,웹개발자,앱개발자","
웹개발자
( 0명 )
담당업무
ㆍ신규/기존 프로젝트에 핵심 프로그래머로 활동
ㆍ자사 플랫폼 서비스의 웹(Front-End, Back-End) 개발 및 개선
 ※ 업무에 사용하는 프로그래밍 언어
PHP(Laravel), JavaScript(Vue.js), SQL

자격요건
ㆍ학력 : 4년제 대졸이상
ㆍ경력 : 무관
-HTML, CSS 등 웹 표준규격에 관한 이해를 가지고 계시는 분
-JavaScript 개발 경험이 2년 이상이신 분
-React, Vue.js 등 최신 Framework를 이용한 개발 경험이 있으신 분
-프로그래밍에 대한 자주적인 공부나 지식 흡수가 가능하신 분
-Git을 이용한 프로젝트 경험이 있는 분

필수사항 
ㆍ일본근무 가능자

우대사항
ㆍ웹 개발에 흥미가 있는 자
ㆍ웹 개발자, 혹은 IT전공환영
ㆍ장기근무 가능자
ㆍ관련 자격증(정보처리기사, 정보처리산업기사) 취득자
"
"프론트엔드개발자,웹개발자","
웹 개발자
( 2명 )
근무조건
ㆍ근무형태: 정규직(수급기간 3개월)
ㆍ근무지: 충남 홍성군(내포혁신도시 내 본사 사무실 / 충청남도교육청 인근)
ㆍ근무일: 주5일
ㆍ근무시간: 09시 ~ 18시
 ㆍ급여: 연봉 29,000,000원 ~ 35,000,000원(면접 후 개인 역량별 차등)

주요업무
ㆍJAVA SPRING 웹 사이트 개발/운영
ㆍ고객사 요구사항(RFP) 기반의 웹 사이트 개발
ㆍSPRING을 활용한 Back-end 개발
ㆍJSP을 활용한 Front-end 개발

스킬
ㆍWEB Programming Skill(JAVA, JSP, Javascript, JQuery)
ㆍJAVA, JSP, SPRING, MVC, Mybatis를 이용한 웹 사이트 구축 가능자
ㆍ 퍼블리싱된 HTML을 이용하여 Front-end 개발 가능자
ㆍDB관련  -  Oracle, MySQL, Cubrid를 이용한 SQL QUERY 작성 가능자
ㆍ개발서버에 JDK, Apache, Tomcat 설치 등 개발환경 구성 가능자
ㆍ전자정부표준프레임워크를 이용한 개발이 가능한 분
ㆍRDBMS 사용 가능자(SQL query 작성가능, 오라클, mysql, cubrid)
ㆍCommunication 역량 보유자(내부고객 및 외부고객과의 소통이 중요함)
"
프론트엔드개발자," Front-end 개발자 인
( 0명 )
주요 업무
ㆍ디지털 트윈 및 시뮬레이션 플랫폼 UI/UX 개발
ㆍ실시간 시뮬레이션 데이터 시각화 (2D/3D 그래픽 및 대시보드)
ㆍ대용량 데이터 관리 및 최적화된 Web UI 구현
ㆍHandsontable, Charts 라이브러리를 활용한 인터랙티브 UI 개발
ㆍFastAPI 기반 백엔드와의 WebSocket, REST API 연동

자격 요건
ㆍReact 기반 Web App 개발 경험
ㆍGit을 이용한 협업 경험
ㆍ해외 출장 및 근무에 결격사유가 없는 분
 우대 사항
ㆍThree.js, Babylon.js를 활용한 Web 3D 그래픽 개발 경험
ㆍ대용량 데이터 시각화 경험 (LightningChart, D3.js, Chart.js 등)
ㆍ산업용 데이터 시각화 경험 (시뮬레이션 결과, 시계열 데이터 분석 등)
ㆍFastAPI, Python 기반 백엔드 연동 경험
ㆍ웹소켓(WebSocket)을 이용한 실시간 데이터 처리 경험
ㆍ영어 커뮤니케이션 가능하신 분
ㆍ병역필 또는 병역 면제자로서 근무에 결격사유가 없는 분
 근무 환경
ㆍ근무 형태: 정규직 (수습기간 3개월)
ㆍ근무 장소: 서울 강남구 테헤란로 7길 11, 한덕빌딩 10층, 시마크로 오피스 
ㆍ급여: 면접 시 협의"
"프론트엔드개발자,웹개발자","웹 개발
(빌링시스템)
인터페이스 설계/구현
애플리케이션 설계/구현
DB 설계, 입출력 구현
신입/경력 0명
[자격요건]
관련 경력: 신입 / 유관경력 3년 이상
관련 전공: 컴퓨터공학/소프트웨어공학
관련 기술:
- JAVA Spring Framework 기반 Frontend, Backend
Service 개발
- React/Node.js 기반 Frontend, Backend Service 개발
- ASP.Net/C# 기반 Frontend, Backend Service 개발
- Classic ASP 기반 Frontend, Backend Service 개발
- RDBMS 기반 SP/SQL 개발
[우대사항]
관련 경험:
- JAVA Spring Boot 환경에서의 프로젝트 경험이 있는 분
- Node.js 기반 RESTFul API 설계 및 개발 경험이 있는 분
- ASP.Net/C# 기반 설계 및 경험이 있는 분
- DB 설계 및 개발 경험이 있는 분
- AA(Application Architect) 역할 가능하신 분
정보처리기사 자격증 소지하신 분
국가보훈대상자"
"앱개발자,웹퍼블리셔","▶담당 업무
    - 프론트엔드 개발(신입/경력)
 ▶자격 요건
    - react, typescript를 이용한 프론트엔드 개발 경험
    - rest api에 대한 이해 및 사용 경험
    - 클라이언트 측 상태 관리 라이브러리 활용 경험
 ▶우대 요건
    - jest 기반 unit test, cypress 등의 e2e test 경험 우대
    - echarts, highcharts 등의 차트 관련 library 사용 경험 우대
    - 레거시 코드 유지보수 및 최적화 경험이 있음
    - 경력 2년이상 우대 (신입지원가능)
    - 전문연구요원 병특 우대"
백엔드개발자,"
1. 담당 업무
Backend RESTful API 설계
Kubernetes 기반 서비스 Backend 구현 및 개선
2. 필수 자격 요건
프로젝트 이력  
Commercial project Backend 개발 수행 경험
Commercial project 웹 애플리케이션 개발 및 배포 경험
Backend 개발  
RESTful API 및 GraphQL API 설계 및 개발 경험
FastAPI 기반의 Backend 개발 경험
Kubernetes 환경의 서비스 개발 경험
RDBMS(PostgreSQL) 및 NoSQL(MongoDB 등) 사용 경험
Spring 또는 Node.js 기반 Backend 개발 경험
협업 및 코드 품질 관리
Git (GitHub, GitLab, Bitbucket 등) 브랜치 전략 활용 경험
코드 성능 평가 및 프로파일링 경험
코드 리뷰 및 Pull Request 작성 경험
Unit Test 및 E2E Test 경험
3. 우대 사항
Frontend 개발
React.js 또는 Vue.js 사용 경험
TypeScript 기반 개발 경험
CI/CD 및 배포 관련
Docker 를 활용한 컨테이너라이징 경험
Kubernetes 환경에서 Frontend Pod 배포 경험 (Helm Chart 작성 가능 시 우대)
Nginx 또는 Caddy 등을 활용한 Static 파일 서빙 경험
Kubernetes Rolling Update 또는 Blue-Green Deployment 활용 경험
Jenkins, ArgoCD, GitOps 기반 배포 경험"
백엔드개발자,"
1. 담당 업무
Kubernetes 기반 서비스 Backend 구현 및 개선
2. 필수 자격 요건
Backend 개발  
FastAPI 기반의 Backend 개발 경험
Kubernetes 환경의 서비스 개발 경험
RDBMS(PostgreSQL) 및 NoSQL(MongoDB 등) 사용 경험
협업 및 코드 품질 관리
Git (GitHub, GitLab, Bitbucket 등) 브랜치 전략 활용 경험
Unit Test 및 E2E Test 경험
3. 우대 사항
Backend 개발
Spring 또는 Node.js 기반 Backend 개발 경험
Frontend 개발
React.js 또는 Vue.js 사용 경험
TypeScript 기반 개발 경험
CI/CD 및 배포 관련
Docker 를 활용한 컨테이너라이징 경험
Kubernetes 환경에서 Backend Pod 배포 경험 (Helm Chart 작성 가능 시 우대)
Nginx 또는 Caddy 등을 활용한 Static 파일 서빙 경험
Kubernetes Rolling Update 또는 Blue-Green Deployment 활용 경험
Jenkins, ArgoCD, GitOps 기반 배포 경험"
"백엔드개발자,소프트웨어개발자","
담당업무
ㆍ 사내 제품 및 서비스 백엔드 개발

스킬
ㆍGo 언어, Docker에 대한 지식 보유

자격요건
ㆍ학력 : IT 관련 학과 전공자
ㆍ경력 : 신입·경력 (5년이하)

우대사항
ㆍKubernetes, EKS에 대한 지식 보유"
백엔드개발자,"Junior Backend Application Engineer


담당업무
소비자들과 트릿지 구성원들이 사용하는 제품의 백엔드 환경을 구현합니다.
지속적인 기술향상을 위해 테스트 케이스 작성과 최적화 그리고 리팩터링에 참여합니다.
다양한 기술 스택들을 배울 수 있는 기회를 만나게 됩니다. (DevOps, Data Science, Kubernetes 등)


자격요건
컴퓨터 공학 관련 학위를 소지하거나 6개월 이상 개발 경험이 있으신 분
탄탄한 공학 지식을 가지고 계신분 (자료구조, 알고리즘, 개발 관련 컨셉)
Python 경험이 있으신 분
호기심이 많고 배우려는 자세를 가지신 분



우대사항
Django 혹은 Flask 경험이 있으신 분
데이터베이스에 대해 잘 알고 모델링 경험이 있으신 분
적극적으로 커뮤니케이션하고 실행력이 있는 분
비즈니스 레벨의 영어 커뮤니케이션이 가능하신 분"
백엔드개발자,"
포지션
( 1명 )
담당업무
ㆍ데일리페이 서비스의 백엔드 개발

자격요건
ㆍ학력 : 국내외 4년제 대학 졸업자
ㆍBack-end 개발 경험 보유자
ㆍPython (Django Rest Framework) 개발 경력 1년 이상 또는 그에 준하는 분
ㆍMySQL 또는 Postgres 등 RDBMS 사용 경험이 있으신 분

우대사항
? 컴퓨터공학 관련 전공자
? 핀테크 서비스 개발 경험자
ㆍGithub을 사용하여 협업 개발 경험이 있으신 분
ㆍPHP 코드를 읽고 Python으로 새롭게 작성이 가능하신 분
ㆍ웹 기반 서비스와 그 구조에 대한 기본적인 이해도가 있으신 분
ㆍ신규 기술에 관심이 많고, 업무에 맞춰 적용 가능하신 분
ㆍ금융 시스템 개발 경험 있으신 분"
백엔드개발자,"
AWS 백엔드 개발자
( 1명 )
담당업무
ㆍ백엔드 서버 개발 
ㆍAPI 서버 개발
ㆍ데이터베이스 설계 및 구현
ㆍ플랫폼 아키텍처 설계
ㆍ연동 규격서 등의 문서 작업
ㆍ문서 작업 가능

자격요건
ㆍ학력 : 대졸이상
ㆍ경력 : 신입·경력(3년 이상 ~ 10년 이하)

ㆍ대용량 메시징 및 트래픽 처리 시스템 개발 경험
ㆍ클라우드 서비스 ( AWS, Azure, GCP 등) 사용 경험
ㆍIoT 서버 개발 경험
ㆍ다양한 DBMS (NoSQL 포함) 경험

우대사항
ㆍ대형 플랫폼 아키텍처 설계 및 구현 경험
ㆍ컨테이너를 활용한 관리 실무 경험
ㆍ주도적인 프로젝트 진행 경험
"
"백엔드개발자,소프트웨어개발자","[솔루션] IT 개발본부를 이끌 백엔드-JAVA 개발자
포지션 및 자격요건
JAVA 백엔드 개발자
( 1명 )
담당업무
ㆍ상세내용을 입력하세요
ㆍ상세내용을 입력하세요

스킬
ㆍAPI, Git, JAVA, MySQL, Cloud

핵심역량
ㆍ 계획성, 성실성, 꼼꼼함, 적응성, 창의성, 성장지향성

자격요건
ㆍ학력 : 대졸이상
ㆍ경력 : 신입·경력3년↑

우대사항
ㆍ석사학위 수여자
ㆍ박사학위 수여자"
백엔드개발자,"담당업무
ㆍ로봇 어플리케이션용 API 개발/구축
ㆍ대화형 인터페이스용 AI 개발/구축
ㆍ사내 서비스 백엔드 개발/관리

자격요건
ㆍ학력 : 학사 이상의 학위 보유자
ㆍPHP, Python 을 이용한 백엔드 개발 및 구축 경험하신 분 (3년 이상)
ㆍMySQL 사용 가능하신 분
ㆍAWS 사용 가능하신 분
ㆍ최신 LLM에 대한 이해와 경험하신 분
ㆍ최신 Voice Cloning, Vocal Cloning에 대한 이해와 경험하신 분
ㆍTTS/STT에 대한 이해와 경험하신 분
ㆍ최종합격 후, 회사가 지정하는 입사일에 입사 가능하신 분
ㆍ해외여행에 결격 사유가 없는 분 (남성의 경우, 회사가 지정한 입사일까지 병역을 마쳤거나 면제되신 분)

우대사항
ㆍ챗봇용 백엔드 개발 경험
ㆍLLM용 LoRA 생성 경험
ㆍLLM용 RAG 사용 경험"
"백엔드개발자,소프트웨어개발자,클라우드엔지니어","
- 클라우드 기반 멀티 테넌트
  SaaS 서비스 개발
- Java/Spring Boot I Golang
  기반의 백엔드 시스템 구축
- 대용량 트래픽 안정적 처리
  시스템 설계 및 구축
- MSA 환경에서 서비스 연동 및
  최적화 수행
[자격요건]
ㆍ 학력 : 초대졸 이상 / 공학계열
ㆍ 경력 : 신입 및 경력 2~5년 (사원, 대리급)
ㆍ Java/Spring Boot 개발 경험(학교/개인 프로젝트 포함)
ㆍ관계형 데이터베이스 및 Redis 등 캐싱 기술에 대한 이해
ㆍRESTful API 설계 및 구현 경험
ㆍGit을 이용한 버전 관리 경험
ㆍ팀 협업 및 의사소통 능력
ㆍ새로운 기술과 도구를 배우고자 하는 열정과 의지

[우대사항]
ㆍ클라우드 환경(특히 Azure) 경험
ㆍMSA 아키텍처에 대한 이해
ㆍ캐싱, 대용량 트래픽 처리 경험
ㆍ문서 보안/DRM 관련 지식
ㆍCI/CD 파이프라인 구축 경험
ㆍ모니터링 및 로깅 도구 사용 경험
   (Prometheus, Grafana, ELK 스택)
ㆍGolang 등 다양한 프로그래밍 언어 경험"
백엔드개발자,"2025년 상반기 신입사원 채용 - 백엔드 개발
모집 부문
백엔드 개발
자격요건 
ㆍ컴퓨터공학/전산/IT전공자 우대
ㆍPython service backend(Fast API) 개발 우대
ㆍWeb, C++, Linux 숙련자 우대
ㆍ통신, 신호처리/제어 관련 개발 경험자 우대
ㆍK8S, K9S, AWS 경험자 우대
ㆍLinux 관련 지식 및 시스템 분석 능력 보유자 우대
ㆍDocker/Kubernetes 관련 지식 및 사용 경험 우대

근무지
ㆍ서울


공통 지원자격
ㆍ기 졸업자 및 25년 8월 졸업예정자
ㆍ공인 영어성적 보유(TOEIC SPEAKING 120, Opic IM2 이상"
백엔드개발자,"
빅데이터 학습 솔루션 
백엔드 개발자
( 1명 )
담당업무
ㆍ 웹페이지 서비스 개발&유지보수
ㆍ 빅데이터 활용 LMS 개발
ㆍ 사무자동화 프로그램 제작 및 IT 헬프데스크

자격요건
ㆍ학력 : 대졸이상
ㆍ경력 : 신입·경력
ㆍ 프로그래밍 경험 (개발 언어/Framework 무관)
ㆍ 팀 단위 프로젝트 참여 경험
ㆍ 원활한 커뮤니케이션 능력 보유

우대사항
ㆍ DB 관련 개발, 분석 (SQL, 빅데이터 등) 이해도
ㆍ IT관련 자격증 소지자
ㆍ Nodejs 백엔드 개발 경험자"
백엔드개발자,"
포지션
( 1명 )

주요 업무
ㆍFastAPI 기반 백엔드 API 및 WebSocket 서버 개발
ㆍMongoDB를 활용한 시계열 데이터 관리 및 최적화
ㆍ대규모 시뮬레이션 데이터 처리 및 저장 시스템 구축
ㆍReact 기반 프론트엔드와의 API 연동 (RESTful API, WebSocket)
ㆍ클라우드 환경(GCP, AWS)에서 백엔드 서비스 운영 및 최적화
ㆍPython 기반 계산 엔진과의 데이터 연동 및 성능 개선
자격 요건
ㆍFastAPI, Flask, 또는 Django 기반 웹 서비스 개발 경험
ㆍMongoDB, PostgreSQL, MySQL 등 데이터베이스 설계 및 운영 경험
ㆍPython을 활용한 서버 개발 및 최적화 경험
ㆍGit을 이용한 협업 경험
ㆍ해외 출장 및 근무에 결격사유가 없는 분
우대 사항
ㆍ산업용 데이터 처리 및 디지털 트윈 관련 프로젝트 경험
ㆍWebSocket 등을 활용한 실시간 데이터 처리 경험
ㆍVector Search (MongoDB Atlas Vector Search, FAISS) 경험
ㆍ대규모 데이터 처리 및 최적화 경험 (Redis, Kafka, RabbitMQ 등)
ㆍGoogle Cloud Platform (GCP) 경험
ㆍ영어 커뮤니케이션 가능하신 분"
백엔드개발자,"온라인 서비스 백엔드 서버 개발 및 운영
( 1명 )
담당업무
ㆍPython, Django 를 통한 온라인 서비스 백엔드 개발 및 운영
ㆍAWS, ECS 등을 통한 인프라 운영
ㆍ고객 행동 지표 분석 및 시각화

스킬
ㆍDjango, Docker, PostgreSQL, Python, API, AWS, Git

자격요건
ㆍ학력 : 대졸이상
ㆍ경력 : 신입

우대사항
ㆍ영어가능자
ㆍ컴퓨터활용능력 우수자
ㆍ관련 학과 전공자
ㆍ관련 자격증 보유자
ㆍ자격증 : 정보처리기사"
백엔드개발자,"포지션 및 자격요건
Back-end
( ○명 )
담당업무
ㆍServer Back-end 개발

자격요건
ㆍJava, 객체 지향, Spring framework를 잘 이해하고 활용 가능한 분
ㆍ진취적인 사고와 원활한 소통이 가능한 분 

우대사항
ㆍ컴퓨터 관련 학과를 전공하신 분
ㆍ정보 처리 기사 및 데이터베이스 자격증 소지하신 분
ㆍRDMBS와 NoSQL의 개념과 장단점을 이해하는 분 
  전형절차
ㆍ서류전형 > 1차 테스트/기술 면접 > 2차 임원 면접 > 최종 합격
ㆍ면접 일정은 서류 합격자에 한하여 개별 연락 드립니다.
ㆍ테스트는 50분간 진행되며, 기술 면접 시작 1시간 전에 시행 됩니다.
ㆍ채용 스케줄에 따라 일부 절차가 변경 될 수 있습니다."
백엔드개발자,"포지션 및 자격요건
Backend 개발 전문가 모집
( ○명 )
담당업무
ㆍ엘핀 서비스 개발 및 운영, 고도화
ㆍ데이터베이스 설계 및 관리/ 서버 성능 튜닝 및 모니터링 담당
ㆍ서비스 개선을 위한 기술 연구 및 신규 프레임웍 활용 등
ㆍ신규 서비스 개발 및 고도화, 운영 등

스킬
ㆍGoLang, JAVA, Spring, Spring Boot, Terraform, API, Docker, Git, Jenkins, AWS

자격요건
ㆍ학력 : 초대졸이상 (졸업예정자 가능)
ㆍ경력 : 신입·경력2년↑

우대사항
ㆍ유관업무 경험자(인턴·알바)
ㆍ관련 학과 전공자
ㆍ유관업무 경력자 (2년)
ㆍ전공 : 정보통신공학과, 컴퓨터공학과, 응용소프트웨어공학과"
백엔드개발자,"담당업무
ㆍJava를 활용한 서버 사이드 소프트웨어 개발
ㆍSpring framework 등을 이용한 RESTful API 설계 및 구현
ㆍ데이터베이스 모델링 및 설계 작업
ㆍSQL을 활용한 데이터 처리, 관리 및 성능 최적화

자격요건
ㆍJava 언어 사용이 능숙한 개발자
ㆍSpring framework 개발 경험
ㆍTCP/IP, gRPC 네트워크 프로그래밍 기본 지식
ㆍRDBMS 기본 지식
ㆍGit을 이용한 버전 관리의 기본적인 사용 방법 이해

우대사항
ㆍ데이터 파이프라인 구축 경험
ㆍKafka, Redis 활용 개발 경험
ㆍRESTful API 설계/개발/운영 경험
ㆍ다양한 환경 및 기술 활용에 대한 경험을 즐기시는 분"
백엔드개발자,"서버/백엔드 개발자
정규직 (신입)
global 거래소 마켓데이터 시스템 부분
고객사 지원 업무 ( 증권사 대상 해외주식,
해외선물 등)
global trading system 부문 고객사 지원
(은행대상 외환 거래 등)
자격요건
computer science 관련 전공 또는 부전공자
(정보처리기사 등 자격증 보유)
리눅스 , C 또는 C++ 및 DBMS
금융기관 유사 시스템 구축 경험 가능자
병역필 또는 면제자
우대사항
주식, 선물 및 외환등 기초 지식 보유자 우대
경제학 등 경상 관련 전공자 중 IT 기초 기술"
"웹개발자,앱개발자","모집분야 담당업무 자격요건 모집인원
웹/백엔드 프로그래머
웹,웹서비스 개발
- 학력 : 학력무관
- 경력 : 자바프로그램 경험자

[우대사항]
- 항공권 시스템 경험
1명
서류전형
코딩테스트

"
웹개발자,"담당업무
- 웹 개발(React, Vue 등) 프론트엔드+백엔드

자격요건
ㆍ학력 : 초대졸이상
ㆍ경력 : 신입
- React 또는 Vue 등 개발 가능자
- 프론트엔드+백엔드 개발 및 배포 가능자
- MySql 유경험자

우대사항
ㆍ컴퓨터활용능력 우수자
ㆍ관련 자격증 보유자
ㆍ자격증 : 정보처리기사"
"백엔드개발자,프론트엔드개발자,DBA","백엔드 개발자 노코드 Bubble.io 구인 (신입/경력)
포지션 및 자격요건
bubble.io 백엔드 개발자
( 4명 ) 
담당업무
ㆍBubble.io로 모바일 앱 개발, 웹 개발
ㆍBubble.io API 개발
ㆍ모바일 앱 개발에 필요한 기능 구현 

자격요건
ㆍ학력 : 학력무관
ㆍ개발자가 Bubble.io를 습득하고 활용하는데 1~2개월 정도 걸립니다.
ㆍBubble.io를 배우고 개발에 참여하실 분만 지원 부탁드립니다. 

우대사항
ㆍBubble.io로 서비스 런칭을 해보신분
ㆍbubble.io 유 경험자 및 포트폴리오 소지자"
풀스택,"( ○명 )
담당업무
ㆍ백엔드개발자 
ㆍ프론트엔드개발자 

스킬
ㆍC#, MSSQL, ASP.NET CORE, React, HTML5, Javascript

자격요건
ㆍ학력 : 초대졸이상
ㆍ경력 : 신입·경력

우대사항
ㆍ영어능통자"
"백엔드개발자,웹개발자","· 학력 : 대졸 이상(2, 3년)
· 신입 및 경력(연수무관)

담당업무
· Back-End 개발

자격요건
 · Java 개발 가능자
 · Spring 기반 프레임워크를 활용하여 웹 어플리케이션 개발 경험자
 · Rest API 설계 및 개발
 · JPA, Hibernate ORM 사용 또는 Mybatis 를 이용한 도메인 모델 경험자
 · ERD(논리/물리) 설계 가능자
 · RDBMS 유경험자
 · Unix & Linux 에 대한 이해 및 관련 스킬 보유

우대사항
- 컴퓨터 · 시스템공학, 공학계열 전공자
- 정보처리기사 · 산업기사 등 IT 관련 자격증 소지자
- MS 제품군 연동 경력 
 · MS GraphAPI를 활용하여 Azure(Entra) 연동 유경험자
 · OnPremise AD, Exchange, Skype 연동 유경험자
- 이외 Third Party 연동 경력 
- 클라우드 기반 서비스 개발 및 운영 경력"
"백엔드개발자,소프트웨어개발자","AI 개발자
( 1명 )
주요 업무
언어모델(LLM)을 활용한 자연어처리(NLP) 기술 연구 및 개발
챗봇, AI 서빙 등의 서비스에서 알고리즘 구현 및 모델링 (예: 텍스트 분류, 문서 요약 등)
자연어처리 및 챗봇 기반 인공지능 시스템의 엔진 기능 구현 및 프로토타입(Prototype) 개발
인공지능(AI) 시스템 및 서비스(챗봇, RPA 등)의 조사, 연구 및 기획
자격 요건
의사소통과 협업에 적극적인 자세를 가진 연구/개발자
LLM 및 챗봇과 같은 자연어처리 기반 인공지능(AI) 서비스에 대한 기본적인 이해
NoSQL(MilvusDB, Redis) 및 API(FAST API)와 같은 백엔드 개발 기본 지식 보유
LangChain, LangGraph, AI Prompt 관련 경험
Python 활용에 대한 기본 지식
우대 사항
Linux 환경에서의 개발 및 서버 장애 대응 경험
CentOS, Ubuntu, Docker 등 서버 관련 지식 보유
네트워크 관련 지식 및 경험 보유"
"백엔드개발자,소프트웨어개발자,R&D·연구원","소프트웨어 개발
(경력)
[담당업무]
ㆍ항해 장비 관련 백엔드 서버 개발
ㆍ서버 아키텍처 설계 및 개발
ㆍ데이터베이스 설계 및 개발

[자격요건]
ㆍ경력 : 서버 개발 경력 3년 이상 ~ 5년 이하
ㆍ학력 : 대졸(4년제) 이상
ㆍ서비스 플랫폼 개발 또는 운영 경험

[우대사항]
ㆍ데이터베이스 관련 지식 또는 개발 경험
ㆍ백엔드 프레임워크에 대한 이해 및 경험
ㆍAI 기술을 활용한 개발 경험
ㆍ네트워크 기본 지식 보유
ㆍ영어로 기술 문서 작성 가능자
ㆍ소프트웨어 개발 관련 자격증 보유자"
"백엔드개발자,프론트엔드개발자,웹개발자"," 신입사원
주요 업무
- 웹 및 모바일 웹기반 플랫폼/서비스 개발 및 운영
 사용 기술
- Java, Javascript, Vue.js, Spring, Spring Boot, Git, SVN, SQL 등
 지원 자격
- Java 및 Spring 혹은 Srping Boot 기반 개발에 이해와 관심이 있는 분
- Javascript, jQuery, Vue.js 기반 개발에 이해와 관심이 있는 분
- 하이브리드앱 개발에 이해와 관심이 있는 분
 우대 사항
- 여러 직군과 협업하여 능동적인 업무를 진행할 수 있는 역량을 지닌 분
- 활발한 성격을 소유하신 분
- 관련 자격증 보유하신 분
- IT 관련 학과 전공이신 분"
"백엔드개발자,프론트엔드개발자,웹개발자","
이런 분을 찾아요
- React, Vue, Angular 등 SPA 프레임워크 사용에 능숙한 분이면 좋아요.
- JavaScript, TypeScript, Node.js를 이용한 개발 경험이 있으신 분이면 좋아요.
- 제품, 서비스 등을 주도적으로 기획하고 실행하여 뛰어난 성과를 만들어본 경험이 있으신 분을 찾아요.
- 애자일한 프로세스로 문제를 해결해 성과를 만들거나 실패한 경험이 있으신 분이 필요해요.
- 어려운 미션, 도전적인 목표, 힘든 순간에도 에너지와 의지를 갖추고 임팩트를 만들어 내고야 마는 분을 원해요.
- IT 회사에서의 웹 서비스 서버 개발 경험을 바탕으로 꾸준히 기술적인 성장을 갈구하는 마음을 가진 분과 함께하고 싶어요.
- 코드 리뷰 등 개발 문화에 관심이 있으신 분
- 유연한 사고와 커뮤니케이션 능력을 보유하신 분




풀링에서 사용하는 기술
- React, TypeScript, Next.js
- Node.js, Spring, SQL
- Docker, Kubernetes"
"백엔드개발자,웹개발자,소프트웨어개발자","자바 웹 개발자 모집
( 1명 )
담당업무
ㆍ웹 솔루션 개발(필수) : 전자정부 표준 프레임워크(eGovFrame), Spring framework, Spring Boot,  Web Servlet, Spring Web Flow(SWF), JPA, MyBatis, Restful, Swagger, Java, jsp, Back-end 개발자
ㆍ데이터베이스(DBMS) : Oracle, MariaDB(MySQL), CUBRID, PostgreSQL 등 사용 경험
ㆍ개발 / 유지보수 / 운영
ㆍ클라우드 네이티브(우대) : Docker/Container, Kubernetes, MicroService(MSA), DevOps & CI/CD
ㆍ데이터(우대) : 데이터 표준화, 데이터 가공, 데이터 품질관리 경험
   자격요건
ㆍ학력 : 초대졸이상
ㆍ경력 : 경력2년↑

우대사항
ㆍ인근 거주자
ㆍ해당 직무 근무 경험
ㆍ자격증 : 정보처리기사, 빅데이터분석기사, DAP(DAsP), SQLP(SQLsP), ADP(ADsP) 등
ㆍ전공 : 자연 및 공학계열, 전산학·컴퓨터공학, 응용소프트웨어공학, 데이터(통계) 전공자

"
"백엔드개발자,프론트엔드개발자,웹개발자","웹 애플리케이션 개발 및 유지보수
프론트엔드 및 백엔드 개발
신입, 학력 무관
HTML, CSS, JavaScript에 대한 기본 지식
하나 이상의 백엔드 언어(Java, Python등) 사용 경험
Git등의 버전 관리 도구 사용 경험
 팀 협업 및 의사소통 능력

[우대사항]
관련 프로젝트 또는 인턴십 경험
RESTful API 설계 및 구현 경험
문제 해결 능력 및 논리적 사고"
"백엔드개발자,앱개발자,시스템엔지니어","담당업무
ㆍ연구개발 지원 및 데이터 수집·정리
ㆍ프로토타입 테스트 및 문서 작성 보조

스킬
ㆍAPI, AWS, Docker, Git, Hadoop, iBATIS, JAVA, Jenkins, Jira, JPA

자격요건
ㆍ학력 : 대졸이상
ㆍ경력 : 신입

우대사항
ㆍ국가유공자
ㆍ보훈대상자
ㆍ고용촉진지원금 대상자
ㆍ취업보호대상자
ㆍ장애인
ㆍ중장년층
ㆍ외국인
ㆍ전공 : 공학계열"
"백엔드개발자,IT·기술영업","
개발
Java, Spring Framework, Rest API 개발 
지식 보유자
java/JSP, javascript, Jquery, HTML등 웹 개발 프로그래밍 지식 보유자
서버 프로그래밍 및 운영 관리 가능자
Git 등 버전 관리 시스템 지식 보유자
AWS 클라우드 서비스의 기본 지식이 있는 분
팀원들과 소통하며 문제를 해결/공유 하며 성장할 수 있는 분
백엔드 시스템 및 API 설계/연동 개발 경험자
RDBMS, NoSQL의 이해 및 사용 경험자
클라우드 서버 개발 경험자
클라우드 환경(AWS, GCP, Azure 등)에서의 서비스 운영 경험자
컴퓨터공학 등 IT/전산 관련 학과 졸업자 또는 그에 준하는 전공 지식 보유"
"백엔드개발자,프론트엔드개발자,웹개발자","(정규직) JAVA, JSP 개발
담당업무
- JAVA/JSP 프로그램 개발
자격요건
- 경력 : 신입/경력 (년수무관)
- 성실하고 적극적인 성격
- 건강상의 결격사유가 없는 자
우대사항
- 관련 학과 전공자 및 유관업무 경력자
- 관련 자격증 소지자 우대
- Sping 프레임워크/전자정부 프레임워크 사용 경험자 우대"
백엔드개발자,"담당업무
ㆍGo 언어를 활용한 데이터 수집 및 처리 파이프라인 개발
ㆍMiddleware, Repository 관리
ㆍDocker, Kubernetes 기반의 컨테이너화 및 운영/배포 자동화
ㆍgRPC, TCP/IP 등 네트워크 프로토콜을 활용한 고성능 데이터 처리
ㆍGitLab CI/CD를 활용한 지속적 통합 및 배포 자동화 환경 구축

자격요건
ㆍGo 언어에 능숙한 분
ㆍSQL 사용에 능숙한 분
ㆍGit을 활용한 버전 관리 및 협업 경험
ㆍTCP/IP, gRPC 등 네트워크 프로그래밍 및 고성능 데이터 처리 경험

우대사항
ㆍDocker, Kubernetes 환경에서 실행 및 배포 경험
ㆍRDBMS SQL 최적화 및 데이터 모델링 경험
ㆍKafka 기반 데이터 스트리밍 및 Redis 캐시 시스템 활용 경험"
"백엔드개발자,웹개발자,IT컨설팅","IT 컨설턴트
( ○명 )
담당업무
   고객의 비즈니스 요구를 분석하고, 최적의 솔루션을 제안하여 구현하며, 지속적인 기술 지원을 제공
ㆍ고객의 요구사항을 분석하고, 서비스나우 솔루션을 통해 최적의 비즈니스 솔루션을 제안하는 일을 수행합니다.
ㆍ서비스나우 솔루션을 고객 환경에 맞게 구현하고, 기존 시스템과의 통합을 지원합니다.
ㆍ솔루션의 사용법을 고객에게 교육하고, 문제 해결 및 기술 지원을 제공합니다.
ㆍ솔루션 설치, 구성, 유지보수, 업그레이드 작업을 수행하고, 기술적 문제 해결을 담당합니다.

우대사항
ㆍ서비스나우 자격증 보유
ㆍ다양한 산업의 비즈니스 프로세스를 이해하고, 솔루션을 이에 맞게 맞춤화하고 최적화할 수 있는 능력을 가진 자
ㆍ데이터베이스 관리, 네트워크 구성, 시스템 통합 등과 같은 기술적 지식을 보유한 자
ㆍ고객과의 원활한 커뮤니케이션과 관계 구축이 가능하며, 기술적 개념을 비전문가에게 명확하게
     전달할 수 있는 능력이 있는 자.
ㆍ영어를 사용하여 솔루션 학습을 원활히 수행 할 수 있는  자. 
"
"백엔드개발자,웹개발자,DBA","세종시에서 저희 팀에서 함께 할 DevOps 인재를 기다립니다.

-  (화면/서버) 프로그램 개발  [ JS , spring framework , DB ]
 - SQL 통계 자료 산출 


이런 분이면 더 좋아요
-   정보처리기사 자격증 취득자
-   빅데이터 분석기사 자격증 취득자
-   IT 관련 수상경력자
-   IT 개발 인력 양성 국비교육 이수자 분들을 우대합니다."
"백엔드개발자,프론트엔드개발자,웹개발자","SW 개발자 모집
( 1명 )
담당업무
ㆍSW 프로그램 개발


스킬
ㆍJAVA, Git, Javascript, React, Spring

자격요건
ㆍ학력 : 초대졸이상
ㆍ경력 : 경력무관

우대사항
ㆍAndroid 개발자
ㆍ웹 개발자(Java, Spring Framework)
ㆍNode-js 및 React 프로그래밍 가능자
ㆍ임베디드 프로그래밍 가능자
ㆍ아두이노 펌웨어 프로그래밍 가능자"
"백엔드개발자,프론트엔드개발자,웹개발자","
ERP JAVA 경력 개발자 모집
( ○명 )

스킬
ㆍAjax, iBATIS, JAVA, JSP, SQL, JSON

핵심역량
ㆍ 성실성, 협동심, 성장지향성
우대사항
ㆍ자격증 : 정보처리기사
ㆍ전공 : 컴퓨터공학과"
"백엔드개발자,프론트엔드개발자,웹개발자","담당업무 
ㆍ Java 기반의 웹 애플리케이션 개발 혹은 프로젝트 참여

요소기술
ㆍJava, JavaScript, HTML, CSS
ㆍREST API
ㆍ데이터베이스(MySQL, Oracle 등)

자격요건
ㆍ 학력 : 대졸이상 
ㆍ 경력 : 신입 및 경력

우대사항
ㆍ프론트엔드/백엔드 개발 유경험자
ㆍ분산처리 설계 및 개발 경험자
ㆍ다중 스레드 환경에서의 프로그램 개발 경험자
ㆍ 석/박사학위 수여자
ㆍ관련 자격증 보유"
"백엔드개발자,프론트엔드개발자,웹개발자","React/node.js 개발자
( 3명 )
담당업무
ㆍ신규 프로젝트 구축

스킬
ㆍJavascript, TypeScript, React, Node.js(Nest.js), MySql(MariaDB)

자격요건
ㆍ학력 : 학력무관
ㆍ경력 : 신입·경력3년↑
             (다른 직군의 경력은 경력기간에 포함하지 않습니다.) 

우대사항
ㆍRest API 개발 경험 있으신 분
ㆍ외부 API 개발 경험 있으신 분
ㆍPHP 개발 경험 있으신 분
ㆍLinux, Ubuntu / AWS 웹 서버 기본 설정이 가능하신분
ㆍGit 형상 관리 가능하신분"
"백엔드개발자,프론트엔드개발자,소프트웨어개발자","Java 웹프로그래머
신입
( ○○명 ) 
담당업무
ㆍJava 기반의 웹 프로그래밍
ㆍ공공 SI 개발 사업 업무 수행
ㆍ공공 SM 유지관리 사업 업무 수행

자격요건
ㆍ학력 : 초대졸이상

우대사항
ㆍ관련 자격증 보유자
- 정보처리기사, 측량및지형공간정보기사 등
ㆍ전공 : 정보통신공학과, 컴퓨터공학과, 응용소프트웨어공학과

Java 웹프로그래머
경력자
( ○○명 ) 
담당업무
ㆍJava 기반의 웹 프로그래밍
ㆍ공공 SI 개발 사업 업무 수행
ㆍ공공 SM 유지관리 사업 업무 수행
ㆍ프로젝트 산출물 및 사업관리 지원 업무 수행

자격요건
ㆍ학력 : 초대졸이상
ㆍ경력 : 경력 3년↑

우대사항
ㆍ관련 자격증 보유자
- 정보처리기사, 측량및지형공간정보기사 등
ㆍ전공 : 정보통신공학과, 컴퓨터공학과, 응용소프트웨어공학과"
백엔드개발자,"주요 담당 업무
ㆍJAVA 개발
- WAS 개발
- 전자정부프레임워크/Spring Boot 사용

ㆍelasticsearch 개발
- 오픈소스 elasticsearch 연계 프로그램 개발
- JAVA로 개발

스킬
ㆍJAVA, JPA, Spring Boot, 전자정부표준프레임워크

자격요건
ㆍ학력 : 학력무관"
"백엔드개발자,프론트엔드개발자,웹개발자","스킬
ㆍReact(필수), JavaScript(TypeScript), Oracle, ag-grid(우대), 

기간
ㆍ4월1일(4월중 투입 가능) ~ 11월30일

자격요건
ㆍ학력 : 초대졸이상
ㆍ경력 : 경력1년 이상
ㆍLG전자 디지털파크 출퇴근 가능하신분,  별도 출장비(교통비) 없음, 서울/경기 셔틀운행

근무지
ㆍ경기도 평택시 진위면 청호리 엘지(전자)디지털파크(경기 오산시, 1호선 오산역)

  *스킬인벤토리 또는 이력서 메일송부 부탁드립니다.  jh@inscorp.co.kr "
"백엔드개발자,프론트엔드개발자,웹개발자","Web 개발직 신입/경력직
( ○명 )
담당업무
ㆍ자사솔루션 기술개발 및 유지관리
ㆍ신규 프로젝트 참여
ㆍ프론트엔드 및 백엔트 개발

스킬
ㆍNode.js, React, MSSQL

핵심역량
ㆍ 계획성, 꼼꼼함, 성실성, 창의성, 협동심"
"백엔드개발자,웹개발자,시스템엔지니어","담당업무
ㆍ금융 SI 프로젝트 수행
ㆍ프로젝트 PL 또는 개발리더 수행
ㆍ기술 검토 및 사업 제안

스킬 (아래 기술 그룹 中 1개 이상 개발 경력자)
ㆍJAVA, JSP, Jquery
ㆍVue.js, React 
ㆍAWS, MSA, Spring
ㆍ전자정부 F/W

자격요건 
ㆍ학력 : 초대졸이상
ㆍ경력 : 경력3년↑ (중급, 고급 모집)

우대사항
ㆍ자격증 : 정보처리기사
ㆍ전공 : 전산학·컴퓨터공학, 정보·통신공학, 응용소프트웨어공학
ㆍPL 또는 PM 업무 가능자
ㆍAA 우대
ㆍReact 우대
ㆍ금융 IT분야 공통 업무 개발 경험자
ㆍ대고객 채널(인터넷뱅킹, 스마트뱅킹) 경험자
ㆍ솔루션 및 인증 연계 개발 경험자"
"백엔드개발자,웹개발자,앱개발자","기반
개발자
( ○명 )
공통 자격요건
     ㆍ학력 : 무관
     ㆍ나이/성별 : 무관
ㆍ경력자 : 1년~5년 (신입 인턴 무관)
ㆍ우대 : 정보처리기사 / 정보처리산업기사
Java Spring Framework 개발자  

담당업무
ㆍ전자정부레임워크 기반 S/W 개발
ㆍJava, Spring framework, RESTFul API 개발 경험
ㆍHTML5, CSS3
ㆍOracle, PostgreSQL 사용 경험
ㆍGIT, SVN 협업 도구 사용 경험
ㆍGIS 관련 오픈소스 라이브러리 경험
ㆍ개발자 코딩테스트

우대사항
ㆍRedmine 또는 Jira 사용 경험자
ㆍ타 시스템 연계 프로젝트 경험 (경력자에 한함) 
ㆍSaaS(Software as a Service) 기반 소프트웨어 개발 경험 (경력자에 한함) 
ㆍ오픈소스 기반 GIS 관련 프로젝트 경험  (신입 / 인턴의 경우 미니 프로젝트 무관)   
ㆍ관련 프로젝트 경험 (신입 / 인턴의 경우 미니 프로젝트 무관) 
ㆍ공인인증 / 금융인증 / 스크랩핑 경험 (경력자에 한함) "
"백엔드개발자,프론트엔드개발자,보안엔지니어,IT·기술영업,생산·공정관리자,품질관리자","프론트엔드 개발
자격요건 
ㆍ컴퓨터공학/전산/IT전공자 우대
ㆍHTML, CSS, React, Javascript(ES6+), TypeScript 대한 깊은 이해
ㆍReact 기반 서비스 개발 및 운영 경험
ㆍ서버 사이드 개발 경험 혹은 백엔드에 대한 기본적인 이해(Node,js)
ㆍ테스트 및 배포 자동화 경험
ㆍ기존 코드 베이스에서 새로운 코드 베이스로 개선한 경험

근무지
ㆍ서울


공통 지원자격
ㆍ기 졸업자 및 25년 8월 졸업예정자
ㆍ공인 영어성적 보유(TOEIC SPEAKING 120, Opic IM2 이상"
"웹기획,웹개발자,앱개발자","웹 또는 앱개발
- 프론트 또는 백엔드 개발
- 인공지능 알고리즘 개발

                                                                                                                                                                                                                                                                스킬
                                                                                                                                                                                                                                                                ㆍJavascript, Node.js, React, TypeScript, React Native, DBMS
- reactNative
-React
- javascript, TypeScript
- 기타 프론트 개발 관련 언어, 프레임 워크

                                                                                                                                                                                                                                                                자격요건
                                                                                                                                                                                                                                                                ㆍ학력 : 학력무관
                                                                                                                                                                                                                                                                ㆍ경력 : 신입

                                                                                                                                                                                                                                                                우대사항
                                                                                                                                                                                                                                                                ㆍ인근거주자
                                                                                                                                                                                                                                                                ㆍ컴퓨터활용능력 우수자
                                                                                                                                                                                                                                                                ㆍ전공 : 컴퓨터공학과, 응용소프트웨어공학과"
"웹개발자,소프트웨어개발자,IT컨설팅","담당업무
ㆍSI프로젝트 참여 
ㆍ프론트엔트 / 백엔드 개발
ㆍ서비스 플랫폼 개발

스킬
ㆍJPA, Javascript, JAVA, Vue.js, TypeScript, React, 풀스택, Spring Boot

자격요건
ㆍ학력 : 대졸이상
ㆍ경력 : 신입
ㆍ서울 / 경기 전지역 근무가능자

우대사항
ㆍ유관업무 경험자(인턴·알바)
ㆍ장애인
ㆍ영어가능자
ㆍ관련 학과 전공자
ㆍ관련 자격증 보유자
ㆍ리더쉽 소유자
ㆍ컴퓨터활용능력 우수자
ㆍ문서작성 우수자"
"백엔드개발자,웹개발자,시스템엔지니어","스킬
ㆍFlutter, Git, JAVA, Javascript, JPA, OracleDB, PL/SQL, SQL, Websquare

핵심역량
ㆍ 성실성, 적응성, 협동심, 꼼꼼함, 메타인지, 성장지향성

자격요건
ㆍ학력 : 학력무관
ㆍ경력 : 신입·경력

우대사항
ㆍ컴퓨터활용능력 우수자
ㆍ유관업무 경험자(인턴·알바)
ㆍ관련 자격증 보유자
ㆍ유관업무 경력자
ㆍ자격증 : 정보처리기사, 정보처리산업기사
ㆍ전공 : 컴퓨터.정보전공, 컴퓨터공학계열"
"백엔드개발자,프론트엔드개발자,웹개발자","자바개발자
( ○명 )
담당업무
ㆍSI/SM 개발, 유지보수 업무(SPRING 기반)

스킬
ㆍJAVA, React, Spring, Spring Boot, Vue.js, Nexacro
    풀스택, ERP, MES, 보험


자격요건
ㆍ학력 : 초대졸 이상
ㆍ경력 : 신입 · 경력3년 이상

우대사항
ㆍ관련 자격증 보유자
ㆍ자격증 : 정보처리기사
ㆍ전공 : 컴퓨터공학과"
"백엔드개발자,프론트엔드개발자,웹개발자,웹퍼블리셔","채용분야
ㆍBack & Front End 개발자(신입)

담당업무
ㆍ아는자산 서비스 개발 및 유지보수 ( or 쇼핑몰 솔루션 개발 및 유지보수 )

개발환경
ㆍVue.js, Laravel Framework, Bootstrap, jQuery, React, Next.js
ㆍPostMan, JetBrains, VSCode,Figma
ㆍGit, Redmine, Slack, Notion
ㆍMySQL, ElasticSearch

자격요건
ㆍ신입 ~ 2년 미만
ㆍ개발 언어 사용에 거부감이 없는 자

기본소양
ㆍ원만한 대인관계를 유지하고, 타인과 원활한 소통이 가능한 자
ㆍ동료의 존중과 배려 및 협업에 적극적인 자세를 가진 자
ㆍ스스로 업무와 질문에 대한 답을 찾아 내려는 자세를 가진 자

우대사항
ㆍ온라인 쇼핑몰 개발 경험
ㆍ다양한 언어 사용 경험
ㆍPHP 개발 경험"
"백엔드개발자,프론트엔드개발자,웹개발자","담당업무
ㆍ소프트웨어 개발/운영

스킬
ㆍJAVA, C, C#, Spring, SQL, Jquery, Vue.js, React

자격요건
ㆍ학력 : 대졸이상
ㆍ경력 : 경력1년↑

우대사항
ㆍ장기근무 가능자
ㆍ자격증 : 정보처리기사
ㆍ전공 : 전산학·컴퓨터공학
"
"백엔드개발자,웹개발자","시스템 개발/운영( ○명 )
담당업무
ㆍ시스템 운영 및 유지보수
ㆍ공공기관 업무지원 시스템 개발/운영
ㆍ기업 시스템 개발/운영
ㆍ시스템 적용 및 배포, 테스트 관리

스킬
ㆍAPI, Git, JAVA, Spring Boot, MSSQL, Jenkins, AWS 등

자격요건
ㆍIT관련 전공자 혹은 그에 상응하는 기초지식을 가지신 분
ㆍ학력 : 초대졸이상
ㆍ경력 : 신입

우대사항
ㆍ원활한 커뮤니케이션능력을 보유하신 분
ㆍIT정보시스템 서비스운영 및 품질관리에 대한 이해력이 높으신 분
ㆍ컴퓨터활용능력 우수자
ㆍ문서작성 우수자
ㆍ학점우수(대졸 4.0이상)
ㆍ관련 학과 전공자
ㆍ관련 자격증 보유자
ㆍ유관업무 경험자(인턴·알바)
ㆍ인근거주자"
"백엔드개발자,프론트엔드개발자,웹개발자","담당업무
ㆍ소프트웨어 개발/운영

스킬
ㆍJAVA, Spring, SQL, Jquery, Vue.js, React, C#, Python, 

자격요건
ㆍ학력 : 대졸이상
ㆍ경력 : 신입·경력1년↑

우대사항
ㆍ장기근무 가능자
ㆍ자격증 : 정보처리기사
ㆍ전공 : 전산학·컴퓨터공학"
"백엔드개발자,프론트엔드개발자,웹개발자","담당업무
1. 시스템 유지보수 및 고도화
2. 시스템 재구축
3. 백앤드 / 풀스택 개발

스킬
ㆍAPI, Docker, JAVA, MariaDB, MongoDB, Oracle, Spring, Spring Boot, Linux Crontab

자격요건
ㆍ학력 : 초대졸이상
ㆍ경력 : 신입

우대사항
ㆍ자격증 : 정보처리기사, 정보처리산업기사"
"백엔드개발자,프론트엔드개발자,웹개발자","담당업무
1. S/W 개발 업무직 O 명
ㆍ반도체 설계 및 검증 환경 자동화 S/W 개발
ㆍGUI/Web 기반 검증 및 DB 관리 S/W 개발
ㆍWeb 개발 및 Mobile app 개발


2. IT 업무직  O 명 
 - 서버 개발  및 운용 (보완)
 - 네트워크 관리 및 운용 개발

스킬
ㆍAPI, Git, Python, linux, Html css javascript, react,  flutter, flask, pandas, websocket


자격요건  
ㆍ경력 : 신입 및 경력1년↑
ㆍHttp 메서드를 사용하여 백엔드와 통신 가능한 자
ㆍ상태관리를 효율적으로 관리 가능한 자
ㆍ파이썬 라이브러리(flask, pandas)에 능숙한 자
                         우대사항
ㆍ영어가능자
ㆍ영어능통자(원어민수준)
ㆍ전공 : 전기전자공학과, 컴퓨터공학과, 응용소프트웨어공학과
ㆍ유관업무 경험자
ㆍ서버 및 네트워크 운용.개발 관련 업무 경험 및 지식 보유자  
     *  flutter
          - 소켓 프로그래밍을 통해서 양방향 통신을 통한 UI 업데이트가 가능자
           - Test flight를 통해 IOS 앱 배포 경험이 있는 자
      * react : Typescript 사용 가능자 "
"백엔드개발자,웹개발자,시스템엔지니어,네트워크엔지니어,DBA,클라우드엔지니어","[메이크샵]
백엔드 개발자
합류 시 함께 하게 될 업무에요
메이크샵 솔루션의 기능을 개발하고 유지보수해요.
저희는 이런 분과 함께 하고 싶어요
경력 : 1년 이상 5년 이하
DB 설계 및 구축 경험이 있으신 분
보안코딩, 클린코드에 대한 관심이 있으신 분
PHP, MySQL, Javascript 사용 가능하신 분
다음과 같은 자격을 갖고 계시면 더욱 좋아요
대용량 데이터 처리 경험이 있으신 분
Javascript, jQuery, HTML, CSS 등 웹 환경에 대한 이해도가 높으신 분
쇼핑몰 동종 또는 관련 업종 근무 경험이 있으신 분"
"백엔드개발자,웹개발자,소프트웨어개발자","
Java(자바) 신입/경력직 개발자 모집 (솔루션,SI,SM)
- Java, JSP, Spring, 전자정부포준프레임워크
- 솔루션, SI, SM
- 웹 프로그램 개발
학력: 학력무관
경력: 신입/경력
성별: 무관

[우대조건] 
- 고용촉진지원금 대상자
- 취업보호대상자
- 유관업무 경력자
"
"웹기획,백엔드개발자,프론트엔드개발자,웹개발자,앱개발자,DBA","담당업무
ㆍJAVA 관련 개발
ㆍ모바일, 웹 개발
스킬
ㆍAPI, Git, JAVA, Jenkins, iBATIS, Spring, ABAP, Cloud

자격요건
ㆍ학력 : 초대졸이상 (졸업예정자 가능)
ㆍ경력 : 신입·경력5년↑

우대사항
ㆍ정보처리기사 , 정보처리산업기사 
ㆍSAP-ABAP의 경우 , 경력증명관련 서류 제출. 
SAP-ABAP
경력 ( ○○명 )
담당업무
ㆍSAP - ABAP 개발
ㆍSAP ERP 개발

스킬
ㆍAPI, ABAP, Cloud
"
"백엔드개발자,프론트엔드개발자,웹개발자","웹개발
( 1명 )
담당업무
ㆍVue.js + Node.js + Golang을 활용한 웹 애플리케이션 및 하이브리드 앱 개발
ㆍ대량 데이터를 효율적으로 관리할 수 있는 DB 설계 및 최적화
ㆍ실시간 데이터 통신 및 API 개발 (RESTful API, WebSocket, gRPC 등)
ㆍ데이터 처리 성능을 고려한 백엔드 아키텍처 설계 및 최적화
ㆍ클라우드 환경(AWS 등)에서의 서비스 운영 및 배포
ㆍCI/CD 파이프라인 구축 및 운영

스킬
ㆍRESTful API, AWS, MySQL, Python, RDBMS, 풀스택, Node.js, Vue.js, GoLang, Javascript

자격요건
ㆍ학력 : 학력무관
ㆍ경력 : 신입·경력
ㆍ정말로 개발을 좋아하고, 매일 새로운 기술·트렌드를 학습하려는 열정이 있으신 분
ㆍ유튜브나 기술 블로그, 온라인 강의 등 개발 관련 콘텐츠를 스스로 찾아보고, 인사이트를 얻고 성장하고 싶은 분
ㆍ문제 해결 능력과 논리적 사고를 갖추고, 협업에 적극적으로 참여하실 분

우대사항
ㆍGolang을 활용한 고성능 서버 개발 경험
ㆍ대규모 트래픽을 처리할 수 있는 백엔드 시스템 설계 및 구현 경험
ㆍAI/ML 관련 프로젝트 경험
ㆍ분산 시스템 및 마이크로서비스 아키텍처(MSA) 경험"
"백엔드개발자,프론트엔드개발자,웹개발자","담당업무
ㆍJAVA 웹개발

스킬
ㆍJAVA, Spring Boot, React, MySQL, JPA, Vue.js

핵심역량
ㆍ 성실성, 적응성, 협동심, 성장지향성

자격요건
ㆍ학력 : 대졸이상
ㆍ경력 : 신입

우대사항
ㆍ컴퓨터활용능력 우수자
ㆍ정보처리기사"
"백엔드개발자,웹개발자,소프트웨어개발자"," JAVA, JSP 등을 활용한 공공기관 시스템 웹개발
- 스킬 : JAVA, JSP, MySQL, Oracle, SQL

                                                                                                                                                                                                                                                                ■ 자격요건
- 학력 : 대졸이상 (졸업예정자 가능)
- 경력 : 신입


                                                                                                                                                                                                                                                                ■ 우대사항
- 해당직무 근무경험
- 컴퓨터/시스템 공학, 공학계열 등 관련 학과 전공자
- 관련 자격증 보유자(정보처리기사)
- 거주지 외 지역 근무 가능자"
"웹개발자,앱개발자,블록체인개발자","( 1명 )
담당업무
쇼핑몰, 결제(Pay), SNS, 키오스크 서비스 개발 및 운영을 담당하며, 자유로운 환경에서 최고의 사용자 경험을 만들어 나갑니다.
- 쇼핑몰 서비스 개발  상품 관리, 주문·결제 시스템, 사용자 경험 최적화
- 결제 시스템(Pay) 개발  안전하고 편리한 결제 솔루션 설계 및 구현
- SNS 플랫폼 개발  사용자 소통 기능, 콘텐츠 추천 알고리즘 개선
- RESTful API 및 백엔드 개발 ? 대용량 트래픽을 처리할 효율적인 서버 아키텍처 구축
- 프론트엔드 개발 
- 데이터 최적화 및 성능 개선  MySQL, Redis 등 DB 튜닝 및 쿼리 최적화
- 클라우드 및 DevOps 환경 운영
- 새로운 기술 도입 및 연구  최신 트렌드를 반영한 기술 스택 개선


스킬
- 프로그래밍 언어: Java, JavaScript, TypeScript, Node.js, PHP, Dart 중 하나 이상
- 백엔드 개발: Spring Boot, Express, FastAPI, PHP 등
- 프론트엔드 개발: React, Bootsrap, Flutter 등
- 데이터베이스: MySQL, PostgreSQL, MongoDB 등 관계형·NoSQL DB 활용 경험
- API 개발 및 연동: RESTful API, OAuth, WebSocket
- 클라우드 및 서버 운영: AWS, GCP, Docker, Kubernetes 등
- 결제(Pay) 시스템 이해: PG사 연동, 결제 API 구현 경험 (우대)
- 버전 관리 및 협업: GitHub


우대사항
- 빠르게 성장하는 스타트업 환경에서 일한 경험이 있는 분
- 팀원과 적극적으로 지식 공유 및 코드 리뷰를 하는 걸 좋아하는 분
- 유저 중심의 개발 사고를 가지신 분 (UX/UI 개선에 관심 많으신 분)"
백엔드개발자,"
모집부문
·  신입 Java 웹 서비스 개발자
담당업무 · Java 웹 서비스 개발

지원자격
· Java 웹 서비스 개발 프로젝트 경험 또는 교육 이수 
(Spring Framework / Boot, JSP or Thymeleaf 등)
·  웹 서비스를 위한 환경 구축 지식 보유 (WEB/WAS 등)
·  데이터베이스 관련 지식 보유 (SQL Query, MaBatis, MySQL 등)
·  UI/UX 기능 구현을 위한 지식 보유 (HTML, Javascript 등)
·  소스 형상 관리 (GIT) 경험
우대사항
· 컴퓨터공학 관련 전공자
· 정보처리기사 자격증 보유하신 분
· AWS 경험자 또는 자격증 보유하신 분
· 신기술 습득을 위한 노력과 도전에 열정이 있으신 분
· 협업 간에 커뮤니케이션에 어려움이 없으신 분
"
"백엔드개발자,프론트엔드개발자,웹개발자,앱개발자,시스템엔지니어,네트워크엔지니어,소프트웨어개발자,설비엔지니어","[자격요건]
학력 : 초대졸 이상
경력 : 신입~6년 이하(사원~대리급)
Java, Jsp개발 가능자
JavaScript, Ajax 개발 가능자
Spring Framework 개발 가능자
Oracle, MS-SQL 환경 개발 및 쿼리작성 가능자
0명
머니트리 솔루션
[담당업무]
머니트리 APP API 서버 개발
머니트리 관리자 웹서비스 및 배치처리 개발
외부연동 API 서버 개발
머니트리 시스템 운영 및 유지보수
[자격요건]
학력 : 초대졸 이상
경력 : 신입~10년 이상(사원~과장급)
JAVA, Servlet, JSP 개발 가능자
Spring Framework, SpringBoot 개발 가능자
Javascript, ajax 개발 가능자
ORACLE/MSSQL DBMS 환경 개발 가능자
[우대사항]
컴퓨터공학 전공자 및 관련학과 전공자
결제, 정산/대사 관련 업무 경험자"
웹개발자,"
웹개발
화면개발 (UI)
스프링, 자바
오라클, 리엑트, 오즈리포트
소프트웨어 개발 및 유지보수
프론트 및 백단
우대사항
정보처리기사 보유자
관련학과 전공자
고용형태
정규직 / 프리랜서
(초상급 미만 수습기간 있을 수 있음)
각각 경력자의 경우 스킬인벤토리
제출필수 요망

신입 JAVA / JSP SI /
SM개발자
우대사항 (아래에 해당되지않아도됨)
관련 학과 전공자/국비학원수료자
SI 소프트웨어 개발 경험 또는 동종업계 경험자
정보처리기사 보유자
고용형태
수습기간 3개월이후  정규직전환"
웹개발자,"
모집부문 및 상세요강
[ 주요업무 ]
ㆍ웹 어플리케이션 개발 및 유지보수

[ 개발환경 ]
ㆍ프론트엔드: Jquery, Kendo UI Component 기반의 MVVM 패턴 개발. Ajax사용
ㆍ백엔드: Microsoft ASP.NET MVC 5
ㆍ데이터베이스: Microsoft SQL Server
ㆍ버: Mic서rosoft Azure 기반의 Windows Server Platform
ㆍ형상관리: GitHub
ㆍ협업 관리 툴: Axosoft + SmartSheet + Google Workspace
ㆍ개발 문화: 사내 코딩 가이드 룰에 따른 코딩 패턴 준수하고 100% 코드 리뷰 진행

[ 업무환경] 
ㆍ고객 응대, 외근, 지방 출장 없음.
ㆍ직급에 상관없이 상호 간 존댓말 사용
ㆍ사내 테라스 구비
ㆍ휴게실(세라젬, 바디프랜드) 구비 
ㆍ커피, 간식 구비 
ㆍ야근 없음.
ㆍ업무 후 회식 대신 한 달에 한 번씩 오후 2시부터 리프레시데이 진행

[ 자격요건 ]  
ㆍ초대졸이상 혹은 졸업예정자
ㆍ해외여행(출장)에 결격사유가 없으신 분
ㆍ관련 학과 졸업 혹은 관련 교육 과정 6개월 이상 이수자
ㆍ프로그램 개발에 관심이 많으신 분
ㆍjQuery 또는 React와 같은 javascript 기반의 라이브러리를 사용해서 UI와 데이터 처리를 경험해 보신 분
ㆍ우대 사항
    - ASP.NET MVC를 사용해 보신 분 "
"웹개발자,보안엔지니어,게임개발자","PHP / nodejs 등
웹개발자
산업기능요원
 (보충역)
- 자사 사이트 유지관리
- 신규 프로젝트 개발 [산업기능요원 자격요건]
1. 2년 이상 SW분야의 근무 경력
2. 정보처리 분야 관련 학과 2년 이상 수료
3. 정보처리 기능사 이상 자격증 보유 시 전공학과 또는 근무경력 1년 이상
- 위 3가지 중 1가지만 충족되면 지원 가능

[직무]
1. 리눅스 기반의 PHP / MYSQL 활용 실무 경력
2. 웹개발 및 운영 
0"
"DBA,소프트웨어개발자,AI/ML엔지니어,클라우드엔지니어","담당업무
ㆍ프로그램 개발 및 테스트 
ㆍ진단 및 감사 대응 및 조치 
ㆍ데이터 관리(검증, 추출, 수정, 삭제 등)
ㆍ장애 예방활동 및 대응 (DR 모의훈련 등)
ㆍ고객 문의 대응 및 요구사항 분석/협의

자격요건
ㆍJava, JSP, JavaScript, Nexacro 개발 및 운영 경험
ㆍOracle SQL 및 PL/SQL 개발 및 운영 경험
ㆍFront-end, Back-end 개발 경험
ㆍ소프트웨어 분석 및 개발 방법론 지식
ㆍ요구사항 분석기법 이해
ㆍ시스템 분석 및 설계 능력
ㆍ기술문서 작성 능력
ㆍ장애 관리 역량

우대사항
ㆍWeb시스템 운영 및 개발 경험
ㆍJava, Oracle 관련 자격증 소지자(OCJP, OCP 등)
ㆍNexacro 사용 경험
ㆍ발주/검품 관리 관련 개발 및 운영 경험
※ 국가보훈대상자 및 장애인은 관련법규에 의거 우대합니다
"
"프론트엔드개발자,웹개발자","Front-End 개발자
( ○명 )

■ 주요업무
ㆍPLUG PLATFORM Front-End 개발 및 유지보수
ㆍ웹 기능 관련 R&D, 코드 리뷰, 기술 개발 등

■ 지원자격
ㆍReact.js 프레임워크 사용 경험이 있으신 분
ㆍHTML5, CSS3, JAVASCRIPT, Typescript에 대한 깊은 이해가 있으신 분
ㆍ새로운 프론트엔드 기술에 관심이 많은 분
ㆍGit 등의 분산 버전 관리 시스템 사용에 능숙하신 분

■ 자격요건
ㆍ학력 : 학력무관
ㆍ경력 : Front-End 개발 경력 2년 이상 또는 이에 준하는 수준의 역량 보유자

■ 우대사항
ㆍ백엔드 개발의 경험이 있으신 분
ㆍ디자인 시스템에 대한 이해가 있으신 분
ㆍWebGL 개발 경험이 있으신 분
ㆍ테스트 코드 및 배포 자동화(CI/CD) 작성 경험이 있으신 분"
웹개발자,"Java/Web개발
( ○○명 )
담당업무
ㆍJava 기반 시스템 개발 
ㆍ웹 어플리케이션(프론트엔드/백엔드) 개발
ㆍ RDBMS(Oracle Maria DB) / JAVA / JSP / SQL / JQur
ㆍ자사 솔루션 운영 및 유지보수
ㆍ유지보수 업무 중 기능 개선 보완 개발

스킬
ㆍAjax, API, JAVA, JPA, JSP, MySQL, OracleDB, React, Spring Boot, SQL

핵심역량
ㆍ 성실성, 꼼꼼함, 성취지향성

자격요건
ㆍ학력 : 초대졸이상 (졸업예정자 가능)
ㆍ경력 : 신입·경력

우대사항
ㆍ관련 자격증 보유자
ㆍ유관업무 경력자
ㆍ자격증 : 정보처리기사
ㆍ전공 : 정보통신공학과, 컴퓨터공학과, 통계학과"
프론트엔드개발자,"주요 업무
집품 서비스의 전반적인 프론트엔드 개발 업무를 담당합니다.
      (Web 서비스 개발, App 내 webview 기능 개발)
빠른 서비스 제공을 위해 성능 최적화를 진행합니다.
높은 생산성을 위한 리팩터링을 진행합니다.
백오피스 시스템을 개발하고 고도화합니다.


자격 요건
React, TypeScript, Next.js 기반의 웹 애플리케이션 개발 경험이 있으신 분
Redux, Recoil, React-Query, SWR 등의 상태 관리 패턴 사용 경험이 있으신 분
HTML/CSS 마크업, 시맨틱 태그를 고려하여 개발하시는 분
모바일 환경 또는 반응형 웹 개발 경험이 있으신 분
대학 졸업자 이상 (2025년 08월 졸업 예정자 포함)


기술 스택
Typescript 
Next.js
Recoil, SWR
TailwindCSS, eslint


우대 사항
사용자를 위한 서비스를 배포, 운영해 본 경험이 있으신 분
서버 사이드 렌더링 (SSR, Next.js) 개발 경험이 있으신 분
웹 표준과 웹 접근성을 준수하는 UI 개발에 관심이 있으신 분
브라우저, 기기에 따라 나타나는 다양한 이슈 해결 경험이 있으신 분
모바일 앱 내에서 작동하는 WebView(In-App) 경험이 있으신 분"
프론트엔드개발자,"프론트엔드 프로그래머
( 1명 )
담당업무
ㆍ프론트엔드 개발

스킬
ㆍHTML5, CSS3, Javascript, TypeScript, React, Tailwind CSS, TanStack Query, Git, Zustand

자격요건
ㆍ학력 : 대졸이상 (졸업예정자 가능)
ㆍ경력 : 신입·경력2년↑

우대사항
ㆍ인근거주자
ㆍ즉시출근 가능자"
"프론트엔드개발자,웹퍼블리셔","웹퍼블리셔
( 1명 )
담당업무
ㆍ웹퍼블리셔
ㆍ해외 개발팀(프론트 개발팀) 관리

스킬
ㆍReact, HTML, CSS, Vue.js

자격요건
ㆍ학력 : 학력무관
ㆍ경력 : 신입·경력1년↑

우대사항
ㆍ외국어 : TOEIC"
"프론트엔드개발자,웹개발자,시스템엔지니어","프론트엔드 개발자경력 채용
업무내용
- 각종 서비스 및 백오피스 프론트엔드 구현
- 웹, 모바일웹 등 사용자 경험을 고려한 인터페이스 구현
- 적합한 기술 스택을 사용한 서비스 최적화
- 최신 프론트엔드 기술을 활용한 효율적인 개발 환경 구축
- 동료 개발자와 함께 서로 발전해 나갈 수 있는 리딩 및 멘토링
자격요건
- 5년 이상의 React, Next.js 개발 경험이 있으신 분 혹은 그에 준하는 역량을 갖추신 분
- HTML, CSS, JavaScript, TypeScript 에 대한 이해와 개발 경험이 있으신 분
- 프론트엔드 시스템 프로파일링 및 성능 개선 경험이 있으신 분
- 효율적이고 안정적인 배포/운영 전략 구성이 가능하신 분
- 다양한 직군의 동료들과 원활한 커뮤니케이션으로 협업을 즐기시는 분"
프론트엔드개발자,"( ○명 )
담당업무
ㆍNext.js, React를 사용한 자사 서비스들의 웹 프론트엔드 개발
ㆍKotlin을 사용한 안드로이드 웹앱 개발

스킬
ㆍJavascript, TypeScript, Next.js, React

필수자격요건
ㆍ학력 : 대졸이상
ㆍ경력 : 신입
ㆍ컴퓨터공학 4년제 학사 학위, 또는 그에 해당하는 CS적 지식을 갖고 있으신 분
ㆍJavascript에 대한 깊은 이해가 있으신분
ㆍTypescript와 Next.js 또는 React 사용 경험이 있으신분
ㆍ새로운 기술에 두려움이 없으신 분

필수 언어 및 갭발 경험
ㆍJavascript
ㆍTypescript (Kotlin 일부 사용)
ㆍ프레임워크 & 라이브러리: Next.js(React), Android,
ㆍ서비스 환경: AWS (EC2, S3, Lambda …), Azure (Function App)
ㆍ협업 환경: Github, Flow, Google Tools, Figma, Jenkins, Notion


우대사항
ㆍ반응형 및 크로스 브라우징에 대한 이해가 있으신 분
ㆍ모바일 웹뷰 환경에서의 프론트엔드 개발 경험이 있으신분
ㆍ프론트엔드 성능 최적화에 대한 경험이 있으신 분
ㆍGit 등의 분산 버전 관리시스템을 사용하여 동료들과 프로젝트를 진행해본 경험이 있으신분
ㆍ좋은 UI/UX를 만드는것에 대한 관심이 깊으신 분
ㆍCI /CD 경험
ㆍKotlin/Android
ㆍC# / .Net
ㆍPython 
"
"프론트엔드개발자,웹개발자","담당업무
ㆍjsp/servlet 기반 온라인 수학 교육 웹서비스 개발 및 유지보수
ㆍ차세대 교육 웹서비스 Next.js 기반 프론트엔드 개발 참여

스킬
ㆍJAVA, JSP, Javascript, CSS3, Bootstrap, Next.js, Docker

자격요건
ㆍ학력 : 학력무관
ㆍ경력 : 신입·경력

우대사항
ㆍ관련 학과 전공자"
"프론트엔드개발자,웹개발자,소프트웨어개발자","프론트앤드 개발 전문가 채용
( 1명 )
담당업무
ㆍ엘핀 상용 서비스 기능 고도화 및 개선(위치인증, 복합인증)
ㆍB2C, B2B 서비스 프론트앤드 개발 및 기획, 디자인 등 협업
ㆍ신규 서비스 개발 및 런칭, 운영 

스킬
ㆍHTML5, Javascript, ReactJS, TypeScript, Next.js

핵심역량
ㆍ 성실성, 꼼꼼함, 적응성, 협동심, 성장지향성

자격요건
ㆍ학력 : 초대졸이상 (졸업예정자 가능)
ㆍ경력 : 신입·경력2년↑

우대사항
ㆍ공모전 입상자
ㆍ유관업무 경험자(인턴·알바)
ㆍ관련 학과 전공자
ㆍ관련 자격증 보유자
ㆍ유관업무 경력자 (2년)
ㆍ전공 : 정보통신공학과, 컴퓨터공학과, 응용소프트웨어공학과"
"웹기획,프론트엔드개발자,웹퍼블리셔","웹 퍼블리셔 및 프론트엔드 개발자 모집
( ○명 )
*담당업무
- 자사 솔루션 및 홈페이지 프론트엔드 개발 및 유지보수
- 서비스에 필요한 UI/UX 화면 개발
 
*지원자격
- 신입 : 수습기간 3개월 적용 
- 경력 : 무관 (신입도 지원 가능)
- 솔루션 및 Web & App UI/UX 디자인 업무 경험이 있으신 분
- 포토샵, 일러스트, 피그마, 어도비 XD 등 시각화 툴 사용이 능숙하신 분
- HTML(5), CSS, javascript, JQuery, bootstrap에 대해 경험이 있으신 분
- React 등 주요 프론트엔드 프레임워크에 대해 경험이 있으신 분
  *우대사항
- 상용서비스 출시 경험이 있으신 분
- 보안 솔루션에 대한 이해와 경험이 있는 분
- UI/UX 디자인 경험이 있으신 분

*제출서류
- 최소 1개 이상의 포트폴리오 (전반적인 UI/UX 과정 포함) "
"백엔드개발자,웹개발자,앱개발자","마크클라우드
솔루션 프론트 개발자 채용
포지션 및 자격요건
공통 자격요건
ㆍ컴퓨터를 좋아하시는 분
ㆍ신 기술 사용에 거부감이 없으신 분
ㆍ문제해결에 새로운 방법론과 새로운 Insight를 찾는것을 좋아 하시는 분
ㆍ자기주도적 업무처리와 팀원들과 원활히 협업하는 능력을 가지신 분
ㆍ수평적인 스타트업 업무환경에서 함께 성장해 나가고 싶으신 분
ㆍ주어진 일에 대해 책임감이 강하고 꼼꼼하신 분
ㆍ명확한 의사소통 및 문서화 기술이 있으신 분
ㆍ여러 프로젝트를 일정 관리하며 멀티태스킹 하는 것에 부담 없으신 분
 
솔루션 프론트엔드 개발(신입/경력, ○명 )
담당업무
ㆍ자사 신규 서비스를 바탕으로 하는 정부 R&D 기획보조 및 개발
ㆍR&D 사업 기술 리서치
ㆍR&D 솔루션 프론트엔드 개발
ㆍ(가능시) 솔루션 하이브리드 애플리케이션 개발 

자격요건
ㆍ경력 : 무관 (신입도 지원 가능)
ㆍReact, 혹은 Next.js 사용을 하여 프론트엔드 개발 경험이 있으신 분
ㆍjavascript 개발환경 (ES6+, Node.js, Webpack, Babel 등) 에 대한 이해가 있으신 분
ㆍ형상관리 시스템 (Git) 활용 가능하신 분 

우대사항
ㆍReact Native, Flutter 등으로 하이브리드 애플리케이션 개발이 가능하신 분
ㆍ풀스택 개발이 가능하신 분
ㆍIT 관련 신기술 및 AI 기술에 기민하신 분
ㆍ스타트업에서 근무 경험 있으신 분 "
"프론트엔드개발자,앱개발자","프론트엔드 개발자
( ○명 )
업무내용
자체 개발한 운영 플랫폼 서비스에 대한 시스템을 개발 합니다.
ㆍ운영 효율, 사용성 향상을 위하여 플랫폼 서비스를 개발합니다.
ㆍ신규 서비스를 제공하기 위한 플랫폼 개발합니다.

개발환경
ㆍHTML, CSS, JavaScript, Git & GitHub, jsp, php

핵심역량
ㆍ 성실성, 협동심, 성장지향성 , 계획성 , 꼼꼼함 , 창의성 , 성취지향성 

자격요건
ㆍ스킬에 대한 이해도가 높으며 팀의 목표에 기여하는 성과를 창출하고 성장을 도모할 수 있는 역량을 보유
ㆍ학력 : 학력무관
ㆍ경력 : 신입·경력

우대사항
ㆍ동료들과의 원활한 커뮤니케이션 역량 보유  
ㆍ관련 자격증 보유자
ㆍ전공 : 컴퓨터공학계열
안드로이드 개발 
( ○명 )
업무내용
운영중인 앱 사용자에게 새롭고 특별한 경험을 만들고 있습니다.
ㆍ앱 운영 관리
ㆍ신규 플랫폼 서비스 개발

개발환경
ㆍAndoroid kotlin, xml layout, github, java, mvvm/aac, jetpack compos

핵심역량
ㆍ성실성, 협동심, 성장지향성 , 계획성 , 꼼꼼함 , 창의성 , 성취지향성 

자격요건
ㆍandroid kotlin, xml layout을 이용한 앱 제작 경험
ㆍgithub을 이용한 형상관리
ㆍ학력 : 학력무관
ㆍ경력 : 신입·경력"
"프론트엔드개발자,웹개발자,소프트웨어개발자","ava Web 개발자
( 2명 )
담당업무
ㆍJava Web 개발 및 유지보수
ㆍ응용 소프트웨어 개발

자격요건 
ㆍ학력 : 대졸이상
ㆍ경력 : 신입·경력3년↑
ㆍJava Web: Spring, Oracle 사용 경험

우대사항
ㆍVue.js, React 사용 경험
ㆍ유관업무 경력자 (5년)"
"프론트엔드개발자,웹퍼블리셔","웹 퍼블리셔 신입/경력 채용
포지션 및 자격요건
퍼블리셔
( 0명 )
담당업무
ㆍ웹퍼블리싱
ㆍcafe24, 고도몰 솔루션

자격요건
ㆍ신입
전형절차
ㆍ서류전형 > 면접 >  최종합격
ㆍ면접일정은 추후 통보됩니다.

유의사항
ㆍ허위사실이 발견될 경우 채용이 취소될 수 있습니다."
"프론트엔드개발자,웹개발자,소프트웨어개발자","( 1명 )
담당업무
ㆍWebSquare 기술지원 / 유지보수 
    - 당사 UI 프레임웍인 WebSquare 제품의 기술을 습득하여 제품 사용자 대상 기술지원 (대면/비대면)
    - 웹스퀘어 사용 사이트 기술지원
    - 콜센터(서비스데스크) 대응

자격요건
ㆍ학력 : 초대졸이상
ㆍ경력 : 신입 및 경력1년↑

우대사항
ㆍJavaScript 개발 경험자

기타
ㆍ연봉(4년제 대졸 신입 초봉 3,300 ~) 외 기술지원수당 추가지급"
"프론트엔드개발자,웹퍼블리셔","WEB UI 개발 (프론트개발)
포지션 및 자격요건
WEB UI 개발자
( ○명 )
WEB UI 개발자
ㆍ웹 기반 UI 코딩 (html, css, js 등)
ㆍajax, jquery 를 활용한 일부 데이터 연동 코딩
ㆍHTML5 를 이용한 다이나믹 모션 작업

스킬
ㆍAjax, Bootstrap, CSS

우대사항
ㆍ전산 관련 산업기사 / 기사 자격증 소지자 
ㆍ관련 전공자
ㆍ디자인 / 서버 / 데이터 처리 경험 보유자 "
웹개발자,"담당업무
ㆍ교육 및 공공기관정보 플랫폼(LMS포함) 개발
ㆍ민간 서비스 플랫폼 개발

자격요건
ㆍ학력 : 초대졸이상
ㆍ경력 : 신입·경력3년↑(경력의 경우 희망연봉 반드시 기입)
ㆍ웹(ASP or JAVA or JSP) 풀스펙
ㆍ프론트앤드 / 백앤드 개발 경험 보유
ㆍRESTful 설계 및 통합에 대한 이해도가 높은 분
ㆍ코드 리뷰에 긍정적이고, 자기 주도적 소양을 가진분
ㆍSI가능자

우대사항
ㆍ클라우드 환경 개발 경험 보유자
ㆍ정부 R&D 수행 경험 및 시스템 용역 구축 경험
ㆍ전자정부프레임워크에 대한 이해가 높으신분
ㆍ자차보유자(운전가능자)"
프론트엔드개발자,"React Native 앱 개발자
( 1명 )
담당업무
ㆍReact-Native를 활용하여 모바일 애플리케이션을 개발하고 유지 보수합니다
ㆍ앱 내부 웹앱 페이지에 들어갈 웹페이지 개발 및 유지보수를 합니다.

스킬
ㆍReact Native, TypeScript, Javascript, React

자격요건
ㆍReact-Native 앱 배포 및 운영 경험이 있으신 분
ㆍTypescript 및 Javascript에 대한 이해도가 높으신 분
ㆍ열린 마음과 긍정적인 태도로 팀원들과 협업이 가능하신 분

우대사항
ㆍ문서화, 자동화를 통해 팀의 생산성을 향상시킬 수 있는 분
ㆍ서비스의 기획부터 출시, 운영까지 직접 경험하신 분
ㆍUI/UX 가이드라인에 대한 이해도가 높으신 분
ㆍReact, Next.js 등 Web 프론트 경험이 있으신 분
ㆍ효율적인 업무 프로세스를 위해 노력하시는 분"
"백엔드개발자,프론트엔드개발자","
요구스킬
ㆍJAVA, Python, React, Vue.js, x-javascript

자격요건
ㆍ학력 : 대졸이상 (컴퓨터공학 관련 전공 및 유사학과)
ㆍ경력 : 신입·경력1년↑ (프로그래밍 언어에 대한 숙련도 필요)

우대사항
ㆍ풀스택 개발자로서 프로젝트 경험 우대
ㆍ백엔드 JAVA, Python 프로젝트 경험 우대
ㆍ프론트엔드 x-javascript 프로젝트 경험 우대
ㆍ프론트엔드 React 또는 Vue.js 개발 경험 우대"
"앱개발자,시스템엔지니어,소프트웨어개발자","[담당업무]
ㆍ Back-end 개발
ㆍAICC 플랫폼 구축/운영 개발
ㆍ빅테이터 기반 머신러닝 개발

[자격요건]
ㆍSpring Boot기반의 Java Application 전문 개발
ㆍ기본적인 JAVA/HTML 에 대한 이해
ㆍSpring data JPA에 대한 이해가 있는 분
ㆍRDBMS에 대한 이해가 높은 분

[우대사항]
ㆍ전산학, 컴퓨터공학 등 관련학과 전공자
ㆍ정보처리기사 등 관련자격증 보유자
ㆍAI 프로젝트 경험자
ㆍAWS 구성 경험자"
"프론트엔드개발자,웹개발자,소프트웨어개발자","
JAVA 프로그래머
( 1명 )
담당업무
ㆍ스마트오피스 솔루션 연구 및 개발
ㆍ정보통신 시스템 개발 및 유지보수 (SI/SM)

스킬
ㆍGit, JAVA, sping boot, Spring Framework, Javascript, Linux, Vue.js, CSS

핵심역량
ㆍ 성취지향성, 성장지향성, 창의성, 협동심, 성실성, 적응성, 윤리의식, 꼼꼼함, 계획성, 스트레스관리

자격요건
ㆍ학력 : 초대졸이상 (졸업예정자 가능)
ㆍ경력 : 신입
ㆍ java / java script 웹 어플리케이션 개발
ㆍ spring framewotk, spring boot 개발
ㆍ Git을 이용한 형상관리 

우대사항
ㆍ리눅스 환경 적응력
ㆍjava / java script 등 1가지 이상의 언어 이해
ㆍVne.js 이해
ㆍ관련 자격증 보유자
ㆍ유관업무 경험자(인턴·알바)
ㆍ자격증 : 정보처리기사, 정보처리산업기사, 정보처리기능사

이런분과 일하고 싶어요
ㆍ커뮤니케이션 능동자
ㆍ신기술의 이해와 적응이 빠른 인재"
"프론트엔드개발자,웹퍼블리셔","모집분야 모집인원 경력사항 담당업무 및 자격요건
웹퍼블리셔 1명 경력
[담당업무]
- 웹퍼블리싱 업무
- 사이트 및 신규 서비스 개발

[지원자격]
- 학력 : 초대졸(2~3년제) 이상
- 경력 1년~5년 (신입가능)
- 웹포준/웹접근성 준수 마크업 가능자
-  javascript 및 라이브러리 사용 가능자
- 형상관리(git) 환경 협업개발 경험자

[우대사항]
-  모바일/반응형 프로젝트 경험자
- SEO에 대한 이해 및 경험자
- 디자인 및 개발업무 경험자
- SASS활용 가능자
-  reactJS / nextJS 경험 보유 및 관심이 많은자"
